sku,name,erp_sku,erp_name
,,False,sample
,,QCFC,Club Folding Chair
UMCS35H2A,Siesta2 Cantilever Round Umbrella - 3.5m diameter,,
,,FSWPSCSL,Sussex Companion Seat - Soft White with Lime Cushions
,,FSBFWF,Windsor Footrest (no cushion) 
1FSPRKMTSRW_1FSPRKMCEW_1FSPRKMCOW_1FSPRKMTSLW_1FSPRKLAW_1FSPRKQC,Kingston Modular Garden Sofa Set H - 6 Piece,,
PCHR76,Christa Floor Decor - 76cm,,
1FSPRKMTSRW_1FSPRKMCEW_1FSPRKMCOW_2FSPRKMDCEW_1FSPRKMTSLW_1FSPRK,Kingston Modular Garden Sofa Set E - 8 Piece,,
1FSWPSDT7_2FSWPSA_8FSWPSDC,220cm Sussex Dining Table with 2 Sussex Dining Armchairs & 8 Sussex Dining Chairs - Soft White,,
1FSPRKMTSRW_3FSPRKMDCEW_1FSPRKMCOW_1FSPRKMTSLW_1FSPRKLCT,Kingston Modular Garden Sofa Set P - 7 Piece,,
A039,Square Stainless Steel Fire Pit 30 inch (76cm),,
1FSPRBRT4_4FSPROA,110cm Bali Round Table with 4 Ohio Dining Armchairs,,
,,1FSPRBOT7_2FSPROAWG_8FSPRODCWG,230cm Bali Oval Table with 2 Ohio Dining Armchairs and 8 Ohio Dining Chairs with Waterproof Grey Cushions 
PVAN0151,Vanuatu Vase - 51cm,,
,,FSBFWLAWB,Windsor Lounge Armchair with waterproof cushions 
,,FSBFWS,Windsor Sofa (no cushion)
,,1FSPRVSSWB_1FSPRBST,Valentine Single Sunbed with Beige Waterproof Cushions & Brighton Side Table
,,1FSMPSOT9_8FSMPSAB,270cm Sussex Oval Table with 8 Sussex Dining Armchairs - Mocha
,,CYWORMSF,Spare Cushions for Mayfair Sofa
,,FSBFTMFW,Windsor (Tilbury) Modular Footstool with Cushion
1FSWPSOT6_6FSWPSA,Sussex Oval Table - 180cm & 6 Sussex Dining Armchairs  - Soft White,,
,,CYWORMSL,Spare Cushions for Mayfair Sun Lounger
,,1FSPRBOT11_12FSPROAS ,330cm Bali Oval Table with 12 Ohio Dining Armchairs with Standard Grey Cushions
,,1FSPRKMTSRWG_1FSPRKMTSLWG_1FSPRKMCOWG_1FSPRKMCEWG_1FSPRKSCT,Kingston Modular Sofa Set B with Grey Waterproof Cushions
,,CFSBFDSSWB,Waterproof Beige Cushion for Windsor (Dover) Stacking Sunbed 
,,CFSCSAB,"Beige Stacking Armchair Cushion - for  Richmond, Sussex or Dover"
,,1FSPRKMTSRWB_1FSPRKMCEWB_1FSPRKMCOWB_1FSPRKMDCEWB_1FSPRKMTSLWB_1,Kingston Modular Sofa Set F with Beige Waterproof Cushions
,,1FSBFES_2FSBFELA_1FSBFECT_1FSBFEF,"Eton Sofa, 2 Lounge Armchairs, Coffee Table & Footrest"
,,1FSPRKS3WB_1FSPRKLCT,Kingston Three Seater Sofa with beige waterproof cushions and Kingston Large Coffee table
,,1FSAOPLABG_1FSAOPFBG,Paddock Lounge Armchair with Paddock Footrest & Beige Cushions
,,1FSBFES_2FSBFELA_1FSBFECT_1FSBFEF_1FSBFEST,"Eton Sofa, 2 Lounge Armchairs, Coffee Table, Side Table & Footrest"
,,FSBFTMCOWB,Windsor (Tilbury) Modular Corner/End with Cushions
,,1FSPRKS2WB_2FSPRKLAWB_1FSPRKSCT,Kingston Two seater sofa and Two Kingston Lounge Armchair with beige waterproof cushions and Kingston Small Coffee table
,,1FSWPSOT9_2FSWPSAL_10FSWPSDCL,"270cm Sussex Oval Soft White Table with 2 Sussex Dining Armchairs, 10 Dining Chairs & Lime Green Cushions"
1FSMPSRT4_6FSMPSDC,120cm Sussex Round Table with 6 Sussex Dining Chairs - Mocha,,
,,1FSWPSDT7_2FSWPSAL_8FSWPSDCL,"220cm Sussex Soft White Dining Table with 2 Sussex Dining Armchairs, 8 Dining Chairs & Lime Green Cushions"
,,2FSWPSSBL_1FSWPSST,2 Sussex Soft White Sunbeds with Lime Green Cushions & Sussex Side Table
1FSMPSS_2FSMPSLA_1FSMPSCT,"Sussex Sofa, 2 Lounge Armchairs & Coffee Table - Mocha",,
,,1FSBFES_2FSBFELA_1FSBFECT,"Eton Sofa, 2 Lounge Armchairs & Coffee Table"
,,1FSPRKS3WB_2FSPRKLAWB_1FSPRKLCT,Kingston Three Seater Sofa and Two Kingston Lounge Armchairs with beige waterproof cushions and Kingston Large Coffee Table
,,1YWORMRT6_4YWORMCS2,"Mayfair Round Dining Table - 170cm, with 4 Mayfair double curved chairs"
1FSPRBOT11_12FSPROA,330cm Bali Oval Table with 12 Ohio Dining Armchairs ,,
,,1FSPRBRT4_4FSPROAWB,110cm Bali Round Table with 4 Ohio Dining Armchairs with Beige Waterproof Cushions
1FSPRBS_2FSPRBLA_1FSPRBCT,"Brighton Sofa, 2 Lounge Armchairs & Coffee Table",,
153C,150-154cm (5ft) Bench Cushion for wooden garden benches,,
,,1FSPRBRT4_4FSPROAWG,110cm Bali Round Table with 4 Ohio Dining Armchairs with Grey Waterproof Cushions
1FSPRBOT9_2FSPROA_8FSPRODC,270cm Bali Oval Table with 2 Ohio Dining Armchairs & 8 Dining Chairs,,
1FSPRKMTSRW_2FSPRKMDCEW_1FSPRKMCOW_1FSPRKMTSLW_1FSPRKSCT,Kingston Modular Garden Sofa Set N - 6 Piece,,
1FSMPSOT9_10FSMPSDC,270cm Sussex Oval Table with 10 Sussex Dining Chairs - Mocha,,
,,1FSPRKMTSRWG_2FSPRKMCEWG_1FSPRKMCOWG_1FSPRKMTSLWG_1FSPRKQT,Kingston Modular Sofa Set M with Grey Waterproof Cushions
SSVAA,Vivre Stackable Armchair - Amber,,
,,1QCGLT_6QCDC,Gate Leg Table - 120cm & 6 Club Dining Chairs
,,FSAOPFS,Paddock Footrest with Sky Blue Cushions
,,FSCMOFY,Oxford Footrest with Silver Grey Cushions
,,1QT2_4QCFC,Square Table - 80cm & 4 Club Folding Chairs
FSCSAB,Beige Stackable Armchair Cushion - for  Mocha Sussex Stackable Armchair,,
,,FSCMOFS,Oxford Footrest with Sky Blue Cushions
,,1FSAODDT8_8FSAOPDAS,Devon Dining Table - 240cm with 8 Paddock Dining Armchairs & Sky Blue Cushions
,,FSBFWCT,Windsor Coffee Table
,,CFSBFDSAWB,Waterproof Beige Cushion - for Windsor Stacking Armchair
,,CFSBFDSAWG,Waterproof Grey Cushion - for Windsor Stacking Armchair 
46CK,Black Cushion - Wooden Dining Chair,,
,,1TSSMDT5_4TSSSAO ,San Marino Dining Table 160cm & 4 San Marino Stacking Armchairs - Olive 
,,1FSWPSSL_1FSWPSCT,Sussex Soft White Sofa with Lime Green Cushions & Coffee Table
,,FSBFES,Eton Sofa
,,FSBFEFB,Eton Footrest
,,1FSPRKS2WG_1FSPRKSCT ,Kingston Two seater sofa with grey waterproof cushions and Kingston Small Coffee table
PEST38,Ester Bowl,,
,,1FSPRKMTSRWG_1FSPRKMCEWG_1FSPRKMCOWG_2FSPRKMDCEWG_1FSPRKMTSLWG_1,Kingston Modular Sofa Set E with Grey Waterproof Cushions
,,FSPROAWG,Ohio Dining Armchair with Grey Waterproof Cushion
,,1FSWPSOT6_2FSWPSAK_4FSWPSDCK,"180cm Sussex Soft White Oval Table with 2 Sussex Dining Armchairs, 4 Dining Chairs & Black Cushions"
1FSPRKMTSLW_3FSPRKMDCEW_1FSPRKMCOW_1FSPRKMCHRW_1FSPRKSCT,Kingston Modular Garden Sofa Set R - 7 Piece,,
3FSBFTMCO_4FSBFTMCE_1FSBFTCT,Tilbury Modular Rattan Garden Furniture Set - 8 piece square,,
,,CFSWRMSBW,Beige Waterproof Cushion for Marlow Sunbed
,,FSAOPLABG,Paddock Lounge Armchair with Beige Cushions
,,FSCMHDAS,Hertford Dining Armchair with Sky Blue Cushions
,,1FSPRBOT9_8FSPRBAS,270cm Bali Oval Table with 8 Brighton Dining Armchairs with Standard Grey Cushions
2TSCS,Two Cadiz Sunbeds,,
,,1FSPRBRT5_1FSPRBLS70_6FSPRODCWB,150cm Bali Round Table with Lazy Susan & 6 Ohio Dining Chairs with Beige Waterproof Cushions
1FSPRKMTSR_1FSPRKMTSL_1FSPRKMCO_2FSPRKMCE_1FSPRKSCT ,Kingston Modular Garden Sofa Set B - 6 Piece,,
,,HCDR07A,Canterbury Medium Open Display Dresser
FSWPSS3-lk,Sussex Large Sofa - Soft White,,
,,YWCRNOT6,Newbury Oval Dining Table - 180cm x 110cm
,,YWCRNOT7,Newbury Oval Dining Table - 230cm x 130cm
1FSPRBRT5_6FSPROA,150cm Bali Round Table & 6 Ohio Dining Armchairs,,
,,1FSCMOOT6_6FSCMHDAY,180cm Oxford Oval Table with 6 Hertford Dining Armchairs & Silver Grey Cushions
,,YWCRNRT3,Newbury Round Dining Table - 110cm
,,1FSCMOOT6_6FSCMHDAS,180cm Oxford Oval Table with 6 Hertford Dining Armchairs & Sky Blue Cushions
,,1FSCMOSY_1FSCMOCT,Oxford Sofa  with Silver Grey Cushions and Oxford Coffee table
,,2FSWRMSBW_1FSWRMST,2 Marlow Sunbeds with Marlow Side Table and glass
,,2FSCMOSBY_1FSCMOST,2 Oxford Sunbeds with Silver Grey Cushions and Oxford Side table
FSPRBA-swgwb,Brighton Dining Armchair,,
FSWPSCS-lk,Sussex Companion Seat - Soft White,,
,,1FSWPSRT4_6FSWPSDCK,120cm Sussex Soft White Round Table & 6 Sussex Dining Chairs with Black Cushions
1FSCMODT1_4FSCMHDA,100cm Oxford Dining Table with 4 Hertford Armchairs,,
,,2FSBFELA_1FSBFECT,2 Eton Lounge Armchairs & Eton Side Table
,,1FSWPSRT4_6FSWPSDCL,120cm Sussex Soft White Round Table & 6 Sussex Dining Chairs with Lime Green Cushions
,,FC2,275cm x 175 cm Rectangular Garden Furniture Set cover
FSPRKMCE-wgwb,Kingston Modular Centre,,
,,FSBFWLA,Windsor Lounge Armchair (no cushion) 
,,1FSPRBRT4_4FSPROAS,110cm Bali Round Table with 4 Ohio Dining Armchairs with Standard Grey Cushions
,,1FSWPSOT9_2FSWPSAK_8FSWPSDCK,"270cm Sussex Oval Soft White Table with 2 Sussex Dining Armchairs, 8 Dining Chairs & Black Cushions"
,,FSPRBKSTWG,Brighton Swivel Rocker with Grey Waterproof Cushions
,,CFSPROBSWB,Waterproof Beige Cushion for Ohio Bar Stool
4FSBFTMCO_5FSBFTMCE_1FSBFTCT,Tilbury Modular Rattan Garden Furniture Set - 10 piece ,,
,,FSEGDSA,Dover Stackable Armchair - Earl Grey
,,1FSPRBOT6_2FSPROAS_4FSPRODCS,180cm Bali Oval Table with 2 Ohio Dining Armchairs & 4 Dining Chairs with Standard Grey Cushions
,,1FSPRBOT9_2FSPROAS_8FSPRODCS,270cm Bali Oval Table with 2 Ohio Dining Armchairs & 8 Dining Chairs with Standard Grey Cushions
,,3FSBFTMCOW_3FSBFTMCEW_1FSBFTCT,Windsor (Tilbury) Modular Rattan Garden Furniture Set - 7 piece
PPAC113,Pacific Vase - 113cm,,
,,FSPRBLAWG,Brighton Lounge Armchair with Grey Waterproof Cushions
,,FSPRBLAWB,Brighton Lounge Armchair with Beige Waterproof Cushions
,,FSBFWFWB,Windsor Footrest with waterproof cushions 
YWORMPS,Mayfair Partner Seat,,
,,FSAOPSS,Paddock Sofa with Sky Blue Cushions
,,1FSPRBOT11_2FSPROAWB_12FSPRODCWB,330cm Bali Oval Table with 2 Ohio Dining Armchairs & 12 Dining Chairs with Beige Waterproof Cushions 
,,FSAOPLAS,Paddock Lounge Armchair with Sky Blue Cushions
,,FSPRKMCEWB,Kingston Modular Centre with Beige Waterproof Cushions
FSPRKS3-wgwb,Kingston Three Seater Sofa,,
,,FSPRKMCEWG,Kingston Modular Centre with Grey Waterproof Cushions
,,1FSMPSDT1_4FSMPSAB,100cm Sussex Table with 4 Sussex Dining Armchairs - Mocha
1FSPRKMTSRW_2FSPRKMCEW_1FSPRKMCOW_1FSPRKMDCEW_1FSPRKMCHLW_1FSPRK,Kingston Modular Garden Sofa Set G - 7 Piece,,
,,1FSPRBOT9_8FSPROAS,270cm Bali Oval Table with 8 Ohio Dining Armchairs with Standard Grey Cushions
2FSCMOLA_1FSCMOST,2 Oxford Lounge Armchairs and Oxford Side table,,
,,1YWCRNOT6_6YWCRNDA,180cm Newbury Oval Table & 6 Newbury Dining Armchairs
1FSWPSLA_1FSWPSF,Sussex Lounge Armchair & Footrest - Soft White,,
,,PINSC,Plaque Inscription
LS,Lazy Susan - 75cm Dia.,,
61C,Recliner Cushion for Teak Reclining Chair,,
,,1FSPRBOT6_6FSPRBAWG,180cm Bali Oval Table with 6 Brighton Dining Armchairs with Grey Waterproof Cushions
,,CYWORMLA,Spare Cushions for Mayfair Lounge Armchair
,,1FSPRBOT6_6FSPRBAWB,180cm Bali Oval Table with 6 Brighton Dining Armchairs with Beige Waterproof Cushions
,,Q-PART,Teak - Part
,,1FSPRKS3WB_1FSPRKLAWB_1FSPRKLCT,Kingston Three Seater Sofa and Kingston Lounge Armchair with beige waterproof cushions and Kingston Large Coffee Table and glass
,,1FSPRKS2WG_2FSPRKLAWG_1FSPRKSCT,Kingston Two seater sofa and Two Kingston Lounge Armchair with grey waterproof cushions and Kingston Small Coffee table
,,1FSPRBOT11_12FSPRBAWB,330cm Bali Oval Table with 12 Brighton Dining Armchairs with Beige Waterproof cushions
1FSMPSOT6_8FSMPSDC,180cm Sussex Oval Table with 8 Sussex Dining Chairs - Mocha,,
,,1FSPRBOT11_12FSPRBAWG,330cm Bali Oval Table with 12 Brighton Dining Armchairs with Grey Waterproof Cushions 
,,FSCMOSBY,Oxford Sunbed with Silver Grey Cushions
,,1FSPRKMTSRWB_2FSPRKMCOWB_2FSPRKMDCEWB_1FSPRKMTSLWB_1FSPRKLCT,Kingston Modular Sofa Set K with Beige Waterproof Cushions
FSWPSSB-lk,Sussex Sunbed - Soft White,,
,,FSPRBSWSS,Brighton Swing Seat with Grey Standard Cushions
,,FSAOPSBG,Paddock Sofa with Beige Cushions
1FSAODDT8_8FSAOPDA,Devon Dining Table - 240cm with 8 Paddock Dining Armchairs,,
1FSWPSS_1FSWPSCT,Sussex Sofa & Coffee Table - Soft White,,
1TSSMDT5_4TSSSAO,San Marino 160cm Dining Table & 4 San Marino Stacking Armchairs - Olive,,
,,49CE,49cm Cushion Ecru
,,49CG,49cm Cushion Green
,,49CK,49cm Cushion Black
1FSCMORT4_4FSCMHDA,120cm Oxford Round Table with 4 Hertford Dining Armchairs,,
,,FSWPSS3K,Sussex Large Sofa with Black Cushions
,,1FSPRKS3WG_1FSPRKLAWG_1FSPRKLCT,Kingston Three Seater Sofa and Kingston Lounge Armchair with grey waterproof cushions and Kingston Large Coffee Table
,,FSWPSS3L,Sussex Large Sofa with Lime Green Cushions
PKAN,Kana Floor Decor,,
,,1FSPRKS3WG_1FSPRKLCT,Kingston Three Seater Sofa with grey waterproof cushions and Kingston Large Coffee table 
,,1FSWPSDT1_4FSWPSDCK,100cm Sussex Soft White Square Table & 4 Sussex Dining Chairs with Black Cushions
,,1FSWPSDT1_4FSWPSDCL,100cm Sussex Soft White Square Table & 4 Sussex Dining Chairs with Lime Green Cushions
1FSPRBDT3_4FSPROA,90cm Bali Square Table with 4 Ohio Dining Armchairs,,
,,FSPRKS2WB,Kingston 2 Seater Sofa with Beige Waterproof Cushions
,,FSPRKS2WG,Kingston 2 Seater Sofa with Grey Waterproof Cushions
,,1FSPRBRT4_4FSPRBAWG,110cm Bali Round Table with 4 Brighton Dining Armchairs with Grey Waterproof Cushions
,,2FSCMOLAS_1FSCMOST,2 Oxford Lounge Armchairs with Sky Blue Cushions and Oxford Side table
,,1FSPRBRT4_4FSPRBAWB,110cm Bali Round Table with 4 Brighton Dining Armchairs with Beige Waterproof Cushions
PVANPEA31,Vanuatu Peacock Decor - 31cm,,
,,1QBT_8CR,Sunburst Table - 244cm & 8 Club Recliners
PCHR60,Christa Floor Decor - 60cm,,
,,1FSWPSLAL_1FSWPSFL,Sussex Soft White Lounge Armchair & Footrest with Lime Green Cushions
,,1FSWPSOT9_2FSWPSAK_6FSWPSDCK,"270cm Sussex Oval Soft White Table with 2 Sussex Dining Armchairs, 6 Dining Chairs & Black Cushions"
,,FSPROAS,Ohio Dining Armchair with Grey Standard Cushion
,,CFSBFTMFW,Waterproof Beige Cushion for Windsor (Tilbury) Modular Footstool
,,1FSMPSRT4_4FSMPSSA_4FSCSAB,120cm Sussex Round Table with 4 Sussex Stackable Armchairs & Cushions - Mocha
3FSBFTMCO_3FSBFTMCE_1FSBFTCT ,Tilbury Modular Rattan Garden Furniture Set - 7 piece,,
1FSPRBOT9_8FSPRBA,270cm Bali Oval Table with 8 Brighton Dining Armchairs,,
PSAT62,Saturnus Table Decor,,
PPAC152,Pacific Vase - 152cm,,
,,1FSWPSOT9_2FSWPSAL_8FSWPSDCL,"270cm Sussex Oval Soft White Table with 2 Sussex Dining Armchairs, 8 Dining Chairs & Lime Green Cushions"
1FSPRKMTSR_3FSPRKMCE_1FSPRKMDCE_1FSPRKMCO_1FSPRKMCHL_1FSPRKLCT,Kingston Modular Garden Sofa Set C - 8 Piece,,
,,YWCRNLS,55cm Newbury Lazy Susan & Glass
1FSPRKS3_1FSPRKLCT,Kingston Three Seater Sofa with Kingston Large Coffee table and glass,,
1FSPRBOT6_6FSPRBA,180cm Bali Oval Table with 6 Brighton Dining Armchairs,,
,,FSPRVDSWG,Valentine Double Sunbed with Grey Waterproof Cushions
,,FSPRVDSWB,Valentine Double Sunbed with Beige Waterproof Cushions
,,HCTV06,Canterbury TV Cabinet Stand
,,1FSWPSOT9_8FSWPSSA_8CFSWPSSAL,270cm Sussex Soft White Oval Table & 8 Sussex Stackable Armchairs with Lime Green Cushions
,,2QCBC,2 Club Bistro Folding Chairs
FSPRKMTSR-wgwb,Kingston Modular 2 Seater Right Hand End,,
,,FSPRKMCOWG,Kingston Modular Corner with Grey Waterproof Cushions
,,FSPRKFWG,Kingston Footrest with Grey Waterproof Cushion
1FSPRBOT11_12FSPRBA,330cm Bali Oval Table with 12 Brighton Dining Armchairs,,
,,1FSPRBRT5_6FSPRBAS,150cm Bali Round Table with 6 Brighton Dining Armchairs with Standard Grey Cushions
,,FSPRKFWB,Kingston Footrest with Beige Waterproof Cushion
1FSCMOOT6_6FSCMHDA,180cm Oxford Oval Table with 6 Hertford Dining Armchairs,,
,,CYWORMMCST,Spare Cushion for Mayfair Curved Modular Stool
,,1FSPRKMTSRWB_1FSPRKMCEWB_1FSPRKMCOWB_1FSPRKMTSLWB_1FSPRKLAWB_1FS,Kingston Modular Sofa Set H with Beige Waterproof Cushions
,,1YWORMRT6_2YWORMCS2_4YWORMCS1,"Mayfair Round Dining Table - 170cm, 2 Mayfair Double Curved Chairs & 4 Mayfair Single Curved Chairs"
PMAN56,Manson Vase - 56cm,,
PMAN51,Manson Vase - 51cm,,
1FSMPSDT1_4FSMPSDC,100cm Sussex Table with 4 Sussex Dining Chairs - Mocha,,
PVAN05116,Vanuatu Vase - 116cm,,
,,1FSPRBSWG_2FSPRBLAWG_1FSPRBCT,"Brighton Sofa, 2 Lounge Armchairs & Coffee Table with Grey Waterproof Cushions"
PCHRKOP76,Christa Kopa Floor Decor - 76cm,,
PCORCAN50,Corales Candle Holder,,
3FSBFTMCO_2FSBFTMCE_1FSBFTST ,Tilbury Modular Rattan Garden Furniture Set - 6 piece,,
FSPRBS-swgwb,Brighton Sofa,,
,,HCCH13FC,Canterbury Upholstered Dining Chair
PVEN78,Venice Floor Decor - 78cm,,
FSWPSF-lk,Sussex Footrest - Soft White,,
PMON58,Monaco Table Decor,,
FSPRBKS,Brighton Swivel Rocker (No Cushion),,
PHOR45,Horn Table Decor,,
,,1QDLT_2QCFV_4QCFC,"Double Leaf Table - 180cm, 2 Club Folding Armchairs & 4 Folding Chairs"
1FSMPSOT9_8FSMPSA,270cm Sussex Oval Table with 8 Sussex Dining Armchairs - Mocha,,
CFSWRMSB,Waterproof Beige Cushion - Marlow Sunbed,,
,,YW-PART,Wickerline - Part
,,1FSWPSDT1_4FSWPSAL,100cm Sussex Soft White Square Table & 4 Sussex Dining Armchairs with Lime Green Cushions
,,1FSWPSDT1_4FSWPSAK,100cm Sussex Soft White Square Table & 4 Sussex Dining Armchairs with Black Cushions
,,FSSFHSA,Hampstead Stacking Armchair (no cushion) 
,,1FSWPSOT9_8FSWPSAK,270cm Sussex Oval Soft White Table with 8 Sussex Dining Armchairs & Black Cushions
,,1FSWPSOT9_8FSWPSAL,270cm Sussex Oval Soft White Table with 8 Sussex Dining Armchairs & Lime Green Cushions
,,1FSWPSOT6_8FSWPSDCK,180cm Sussex Soft White Oval Table & 8 Sussex Dining Chairs with Black Cushions
,,1FSCMOSS_2FSCMOLAS_1FSCMOCT,"Oxford Sofa, 2 Oxford Lounge Armchairs with Sky Blue Cushions and Oxford Coffee table"
1FSPRBOT11_2FSPROA_12FSPRODC,330cm Bali Oval Table with 2 Ohio Dining Armchairs & 12 Dining Chairs,,
,,1FSWPSOT6_8FSWPSDCL,180cm Sussex Soft White Oval Table & 8 Sussex Dining Chairs with Lime Green Cushions
1TSSMDT3_4TSSSAO,San Marino 80cm Dining Table & 4 San Marino Stacking Armchairs - Olive,,
,,1FSCMOSBS_1FSCMOST,Oxford Sunbed with Sky Blue Cushion and Oxford Side table
1FSWPSOT9_2FSWPSA_10FSWPSDC,"Sussex Oval Table - 270cm, 2 Sussex Dining Armchairs & 10 Dining Chairs - Soft White",,
,,1FSAODDT6_6FSAOPDAS,Devon Dining Table - 180cm with 6 Paddock Dining Armchairs & Sky Blue Cushions
,,1FSPRKMTSRWB_2FSPRKMCEWB_1FSPRKMCOWB_1FSPRKMDCEWB_1FSPRKMCHLWB_1,Kingston Modular Sofa Set G with Beige Waterproof Cushions
,,CYWORMMLA,Spare Cushions for Mayfair Modular Lounge Armchair
1FSCMOOT7_8FSCMODA,230cm Oxford Oval Table with 8 Oxford Dining Armchairs,,
,,1FSAOPLAS_1FSAOPFS,Paddock Lounge Armchair with Paddock Footrest & Sky Blue Cushions
FSPRKLA-wgwb,Kingston Lounge Armchair,,
1FSPRKMTSRW_1FSPRKMCOW_1FSPRKMTSLW_1FSPRKQT ,Kingston Modular Garden Sofa Set D - 4 Piece,,
,,1FSPRBOT7_2FSPROAS_8FSPRODCS,230cm Bali Oval Table with 2 Ohio Dining Armchairs and 8 Ohio Dining Chairs with Standard Grey Cushions
FSWPSS-lk,Sussex Sofa - Soft White,,
,,1FSAOPSBG_2FSAOPLABG_1FSAODCT,"Paddock Sofa, 2 Paddock Lounge Armchairs & Beige Cushions with a Devon Coffee table"
,,1FSMPSRT4_6FSMPSDCB,120cm Sussex Round Table with 6 Sussex Dining Chairs - Mocha
,,FSWPSSAK,Sussex Stacking Armchair - Soft White with Black Cushion
,,FSPRKMCHLWG,Kingston Modular Chaise Left Hand with Grey Waterproof Cushions
,,1YWCRNMR_1YWCRNML_1YWCRNCT,Newbury Corner Sofa Set  &  Coffee Table
,,ALU-PART,All Seasons - Part
,,1FSPRKS3WG_1FSPRKS2WG_1FSPRKLCT,Kingston Three Seater Sofa and Kingston Two Seater Sofa with grey waterproof cushions and Kingston Large Coffee Table 
,,FSPRKLAWG,Kingston Lounge Armchair with Grey Waterproof Cushions
1FSPRKS2_2FSPRKLAW_1FSPRKSCT,Kingston Two seater sofa with Two Kingston Lounge Armchair and Kingston Small Coffee table,,
,,FSPRKLAWB,Kingston Lounge Armchair with Beige Waterproof Cushions
PPAC,Pacific Vase,,
,,1FSMPSDT7_2FSMPSAB_6FSMPSDCB,220cm Sussex Dining Table with 2 Sussex Dining Armchairs & 6 Dining Chairs - Mocha
,,1FSPRBOT9_2FSPROAS_10FSPRODCS,"270cm Bali Oval Table, 2 Ohio Dining Armchairs & 10 Dining Chairs with Standard Grey Cushions"
FSPRVSS-wgwb,Valentine Single Sunbed with Waterproof cushions,,
,,1QT6_2QCA_6QCDC,Teak Table - 180cm - with 2 club armchairs & 6 club dining chairs
,,1FSWPSOT6_6FSWPSAL,180cm Sussex Soft White Oval Table with 6 Sussex Dining Armchairs & Lime Green Cushions
,,1FSAODRT4_4FSAOPDAS,Devon Round Table - 120cm with 4 Paddock Dining Armchairs & Sky Blue Cushions
,,1FSWPSOT6_6FSWPSAK,180cm Sussex Soft White Oval Table with 6 Sussex Dining Armchairs & Black Cushions
,,2FSCMOSBS_1FSCMOST,2 Oxford Sunbeds with Sky Blue Cushions and Oxford Side table
FSCMHDA-sy,Hertford Dining Armchair,,
,,FSCMODAS,Oxford Dining Armchair with Sky Blue Cushions
,,1FSMPSDT7_8FSMPSAB,220cm Sussex Dining Table with 8 Sussex Dining Armchairs - Mocha
PVANPEA60,Vanuatu Peacock Decor - 60cm,,
PVAN0308,Vanuatu Vase - 80cm,,
,,1FSPRKMTSRWB_1FSPRKMCOWB_1FSPRKMTSLWB_1FSPRKQT,Kingston Modular Sofa Set D with Beige Waterproof Cushions
,,1FSPRBRT5_1FSPRBLS70_6FSPRODCS,150cm Bali Round Table with Lazy Susan & 6 Ohio Dining Chairs with Standard Grey Cushions
,,FSCMODAY,Oxford Dining Armchair with Silver Grey Cushions
,,FSPRKMTSRWG,Kingston Modular 2 Seat Right Hand End with Grey Waterproof Cushions
,,FSPRKMTSRWB,Kingston Modular 2 Seat Right Hand End with Beige Waterproof Cushions
PVANPEA,Vanuatu Peacock Decor,,
1FSAODDT6_6FSAOPDA,Devon Dining Table - 180cm with 6 Paddock Dining Armchairs,,
,,FS-PART,All Seasons - Part
,,FSBFELAB,Eton Lounge Armchair
1FSPRKS3_2FSPRKLAW_1FSPRKLCT,Kingston Three Seater Sofa withTwo Kingston Lounge Armchairs and Kingston Large Coffee Table,,
,,1FSPRBLAWG_1FSPRBFWG,Brighton Lounge Armchair & Footrest with Grey Waterproof Cushions
1FSCMOS_2FSCMOLA_1FSCMOCT," Oxford Sofa, 2 Oxford Lounge Armchairs and Oxford Coffee table",,
,,CFSBFWLAWB,Waterproof Beige Cushions - for Windsor Lounge Armchair
,,1FSWPSDT1_4FSWPSSA-4CFSWPSSAL,100cm Sussex Soft White Square Table & 4 Sussex Stackable Armchairs with Lime Green Cushions
PVEN49,Venice Floor Decor - 49cm,,
,,FSWPSFL,Sussex Footrest with Lime Green Cushions
,,FSWPSFK,Sussex Footrest with Black Cushions
,,1FSPRBRT5_1FSPRBLS70_6FSPROAWG,150cm Bali Round Table with Lazy Susan & 6 Ohio Dining Armchairs with Grey Waterproof Cushions
,,FSPROBSWB,Ohio Bar Stool & Waterproof Beige Cushion 
,,FSPROBSWG,Ohio Bar Stool & Waterproof Grey Cushion 
,,1FSPRBRT5_1FSPRBLS70_6FSPROAWB,150cm Bali Round Table with Lazy Susan & 6 Ohio Dining Armchairs with Beige Waterproof Cushions
,,FSWPSSAL,Sussex Stacking Armchair - Soft White with Lime Cushion
,,DELIVERY,Delivery
,,1FSWPSOT9_10FSWPSAL,270cm Sussex Oval Soft White Table with 10 Sussex Dining Armchairs & Lime Green Cushions
,,FSPRKMCHLWB,Kingston Modular Chaise Left Hand with Beige Waterproof Cushions
,,1FSWPSOT9_10FSWPSAK,270cm Sussex Oval Soft White Table with 10 Sussex Dining Armchairs & Black Cushions
,,FSPRKMDCEWG,Kingston Modular Double Centre with Grey Waterproof Cushions
,,1FSPRBOT7_8FSPRBAS,230cm Bali Oval Table with 8 Brighton Dining Armchairs with Standard Grey Cushions
,,FSPRKMDCEWB,Kingston Modular Double Centre with Beige Waterproof Cushions
,,1FSPRBLAWB_1FSPRBFWB,Brighton Lounge Armchair & Footrest with Beige Waterproof Cushions
,,CFSBFWFWB,Waterproof Beige Cushions - for Windsor Footrest
,,1FSPRBOT6_6FSPROAWG,180cm Bali Oval Table with 6 Ohio Dining Armchairs with Grey Waterproof Cushions
1FSAOPS_2FSAOPLA_1FSAODCT," Paddock Sofa, 2 Paddock Lounge Armchairs and Devon Coffee table",,
,,FSPRODCWG,Ohio Dining Chair with Grey Waterproof Cushion
,,1FSPRBOT6_6FSPROAWB,180cm Bali Oval Table with 6 Ohio Dining Armchairs with Beige Waterproof Cushions
FSWPSLA-lk,Sussex Lounge Armchair - Soft White,,
,,FSPRODCWB,Ohio Dining Chair with Beige Waterproof Cushion
,,1FSPRBOT6_2FSPROAWB_4FSPRODCWB,180cm Bali Oval Table with 2 Ohio Dining Armchairs & 4 Dining Chairs with Beige Waterproof Cushions
,,INT-PART,Interior Part
,,1FSMPSOT9_2FSMPSAB_10FSMPSDCB,270cm Sussex Oval Table with 2 Sussex Dining Armchairs & 10 Dining Chairs - Mocha
198C,Sun Lounger Cushion for Teak Sun lounger,,
,,FSWPSSBK,Sussex Sunbed with Black Cushions
,,FSWPSSBL,Sussex Sunbed with Lime Green Cushions
,,1YWORMRT5_3YWORMCS2,"Mayfair Round Dining Table - 150cm, with 3 Mayfair Double Curved Chairs"
,,1FSMPSSB_2FSMPSLAB_1FSMPSCT,"Sussex Sofa, 2 Lounge Armchairs & Coffee Table - Mocha"
,,FSBFTMCEWB,Windsor (Tilbury) Modular Centre with Cushions
FSWPSA-lk,Sussex Dining Armchair - Soft White,,
PVAN,Vanuatu Vases,,
FSPRKMCO-wgwb,Kingston Modular Corner,,
,,CFSWRMMFW,Waterproof Beige Cushion - Marlow Modular Footrest 
1FSCMODT1_4FSCMODA,100cm Oxford Dining Table with 4 Oxford Dining Armchairs,,
,,CATA14,Catalogue 2014 (Box)
,,CATA15,Catalogue 2015 (Box) 
,,1FSPRKS3WB_1FSPRKS2WB_1FSPRKLCT,Kingston Three Seater Sofa and Kingston Two Seater Sofa with beige waterproof cushions and Kingston Large Coffee Table and glass
FSAOPF-bgs,Paddock Footrest,,
,,FSPRBSWSWG,Brighton Swing Seat with Grey Waterproof Cushions
,,CFSSFHSAW,Taupe Waterproof Cushions for Hampstead Stacking Armchair 
FSWPSDC-lk,Sussex Dining Chair - Soft White,,
,,CYWORMDA,Spare Cushion for Mayfair Dining Armchair
,,CYWORMDC,Spare Cushion for Mayfair Dining Chair
1FSPRBRT5_6FSPRODC,150cm Bali Round Table  & 6 Ohio Dining Chairs,,
PKAN49,Kana Floor Decor - 49cm,,
,,FSPRKS3WB,Kingston 3 Seater Sofa with Beige Waterproof Cushions
,,FSPRKS3WG,Kingston 3 Seater Sofa with Grey Waterproof Cushions
,,FSAOPDAS,Paddock Dining Armchair with Sky Blue Cushions
FSCMOF-sy,Oxford Footrest,,
,,1FSCMOSS_1FSCMOCT,Oxford Sofa with Sky Blue Cushions and Oxford Coffee table
,,1FSWPSOT6_6FSWPSSA_6CFSWPSSAK,180cm Sussex Soft White Oval Table & 6 Sussex Stackable Armchairs with Black Cushions
,,UMM3RDT,Monaco - 3mt Dia. round - TERRACOTTA (base not included)
,,1FSWPSOT6_6FSWPSSA_6CFSWPSSAL,180cm Sussex Soft White Oval Table & 6 Sussex Stackable Armchairs with Lime Green Cushions
,,1FSCMOSBY_1FSCMOST,Oxford Sunbed  with Silver Grey Cushion and Oxford Side table
1FSPRBRT4_4FSPRODC,110cm Bali Round Table with 4 Ohio Dining Chairs,,
,,1FSPRKMTSRWG_2FSPRKMCEWG_1FSPRKMCOWG_1FSPRKMDCEWG_1FSPRKMCHLWG_1,Kingston Modular Sofa Set G with Grey Waterproof Cushions
,,1FSPRBOT6_2FSPROAWG_4FSPRODCWG,180cm Bali Oval Table with 2 Ohio Dining Armchairs & 4 Dining Chairs with Grey Waterproof Cushions
,,1FSWPSDT7_8FSWPSAL,220cm Sussex Soft White Dining Table & 8 Sussex Dining Armchairs with Lime Green Cushions
1FSPRKMTSRW_4FSPRKMDCEW_1FSPRKMCEW_1FSPRKMCOW_1FSPRKMCHLW_1FSPRK,Kingston Modular Garden Sofa Set Q - 10 Piece,,
,,1FSWPSDT7_8FSWPSAK,220cm Sussex Soft White Dining Table & 8 Sussex Dining Armchairs with Black Cushions
1QBT_8QCR,Sunburst Table - 244cm & 8 Club Recliners,,
,,1FSMPSRT4_4FSMPSDCB,120cm Sussex Round Table with 4 Sussex Dining Chairs - Mocha
1FSPRBOT6_6FSPROA,180cm Bali Oval Table with 6 Ohio Dining Armchairs,,
1QDT6_2QCA_6QCDC-opt,Teak Table - 180cm - with 2 Club Armchairs & 6 Club Dining Chairs,,
1FSWRMSW_2FSWRMLAW_1FSWRMCT," Marlow Sofa, Marlow Lounge Armchairs with Marlow Coffee Table",,
,,1FSPRBSWG_2FSPRBLAWG_1FSPRBFWG_1FSPRBCT,"Brighton Sofa, 2 Lounge Armchairs, Footrest & Coffee Table with Grey Waterproof Cushions"
,,FSCMOSY,Oxford Sofa with Silver Grey Cushions
PBOT,Botol Vase,,
,,1FSPRBOT9_2FSPROAWB_8FSPRODCWB,270cm Bali Oval Table with 2 Ohio Dining Armchairs & 8 Dining Chairs with Beige Waterproof Cushions
,,1FSPRBOT11_2FSPROAS_12FSPRODCS,330cm Bali Oval Table with 2 Ohio Dining Armchairs & 12 Dining Chairs with Standard Grey Cushions
1FSWPSOT9_2FSWPSA_6FSWPSDC,"Sussex Oval Table - 270cm, 2 Sussex Dining Armchairs & 6 Dining Chairs - Soft White",,
,,FSPRKMCHRWG,Kingston Modular Chaise Right Hand with Grey Waterproof Cushions
,,1FSWPSOT6_2FSWPSAL_4FSWPSDCL,"180cm Sussex Soft White Oval Table with 2 Sussex Dining Armchairs, 4 Dining Chairs & Lime Green Cushions"
,,FSPRKMCHRWB,Kingston Modular Chaise Right Hand with Beige Waterproof Cushions
,,FSPROAWB,Ohio Dining Armchair with Beige Waterproof Cushion
FSAOPDA-bgs,Paddock Dining Armchair,,
1FSCMOOT6_6FSCMODA,180cm Oxford Oval Table with 6 Oxford Dining Armchairs,,
,,1FSPRKMTSRWG_3FSPRKMCEWG_1FSPRKMDCEWG_1FSPRKMCOWG_1FSPRKMCHLWG_1,Kingston Modular Sofa Set C with Grey Waterproof Cushions
1FSPRKS2_1FSPRKSCT,Kingston Two seater sofa with Kingston Small Coffee table and glass,,
PELL82,Ellipse Vase,,
1FSWPSDT1_4FSWPSDC,Sussex Square Table - 100cm & 4 Sussex Dining Chairs - Soft white,,
,,1FSPRBOT9_2FSPROAWG_10FSPRODCWG,"270cm Bali Oval Table, 2 Ohio Dining Armchairs & 10 Dining Chairs with Grey Waterproof Cushions"
,,1FSWPSSK_1FSWPSCT,Sussex Soft White Sofa with Black Cushions & Coffee Table
1FSWPSOT9_8FSWPSA,Sussex Oval Table - 270cm & 8 Sussex Dining Armchairs - Soft White,,
1FSPRBOT6_2FSPROA_4FSPRODC,180cm Bali Oval Table with 2 Ohio Dining Armchairs & 4 Dining Chairs,,
PVANPEA50,Vanuatu Peacock Decor - 50cm,,
PKAN78,Kana Floor Decor - 78cm,,
1FSCMORT4_4FSCMODA,120cm Oxford Round Table with 4 Oxford Dining Armchairs,,
PBOT51,Botol Vase - 51cm,,
,,1FSBFELA_1FSBFEF,Eton Lounge Armchair & Eton Footrest
FSPROA-swgwb,Ohio Dining Armchair,,
,,FSPRBKST,Brighton Swivel Rocker (no cushions)
PKAN113,Kana Floor Decor - 113cm,,
1FSPRKMTSR_1FSPRKMCO_2FSPRKMCE_1FSPRKMCHL,Kingston Modular Garden Sofa Set A - 5 Piece,,
1FSMPSOT9_2FSMPSA_10FSMPSDC,270cm Sussex Oval Table with 2 Sussex Dining Armchairs & 10 Dining Chairs - Mocha,,
,,1FSPRBOT6_6FSPRBAS,180cm Bali Oval Table with 6 Brighton Dining Armchairs with Standard Grey Cushions
PPAC132,Pacific Vase - 132cm,,
1FSWPSRT4_4FSWPSA,Sussex Round Table - 120cm & 4 Sussex Dining Armchairs - Soft White,,
,,1YWCRNOT7_8YWCRNDA,230cm Newbury Oval Table & 8 Newbury Dining Armchairs
,,1FSPRKMTSRWG_2FSPRKMCOWG_2FSPRKMDCEWG_1FSPRKMTSLWG_1FSPRKLCT,Kingston Modular Sofa Set K with Grey Waterproof Cushions
SSTTB,190cm Triangular Table with Amber Glass,,
,,1FSPRBOT7_2FSPROAWB_8FSPRODCWB,230cm Bali Oval Table with 2 Ohio Dining Armchairs and 8 Ohio Dining Chairs with Waterproof Beige Cushions 
1FSMPSDT1_4FSMPSA,100cm Sussex Table with 4 Sussex Dining Armchairs - Mocha,,
FSPRBLA-swgwb,Brighton Lounge Armchair,,
,,1FSPRBRT5_1FSPRBLS70_6FSPROAS,150cm Bali Round Table with Lazy Susan & 6 Ohio Dining Armchairs with Standard Grey Cushions
1FSWPSRT4_4FSWPSDCl,Sussex Round Table - 120cm & 4 Sussex Dining Chairs - Soft White,,
,,1FSMPSOT6_8FSMPSDCB,180cm Sussex Oval Table with 8 Sussex Dining Chairs - Mocha
PVEN60,Venice Floor Decor - 60cm,,
,,1FSCMORT4_4FSCMHDAS,120cm Oxford Round Table with 4 Hertford Dining Armchairs & Sky Blue Cushions
,,FSBFWSWB,Windsor Sofa with waterproof cushions
,,1FSCMORT4_4FSCMHDAY,120cm Oxford Round Table with 4 Hertford Dining Armchairs & Silver Grey Cushions
CFSWRMMF,Waterproof Beige Cushion - Marlow Modular Footrest ,,
,,1FSPRBOT7_8FSPRBAWG,230cm Bali Oval Table with 8 Brighton Dining Armchairs with Waterproof Grey Cushions 
1FSWPSDT7_8FSWPSA,220cm Sussex Dining Table with 8 Sussex Dining Armchairs - Soft White,,
1FSPRBLA_1FSPRBF,Brighton Lounge Armchair & Footrest,,
PVEN,Venice Floor Decor,,
,,1FSWPSRT4_4FSWPSDCL,120cm Sussex Soft White Round Table & 4 Sussex Dining Chairs with Lime Green Cushions
121C,121cm (4ft) Bench Cushion for wooden garden benches,,
PKAN60,Kana Floor Decor - 60cm,,
63C,Dining Armchair Cushion for Teak Dining Armchairs,,
,,1FSWPSSL_2FSWPSLAL_1FSWPSCT,"Sussex Soft White Sofa, 2 Lounge Armchairs, Lime Green Cushions & Coffee Table"
,,1FSWPSRT4_4FSWPSDCK,120cm Sussex Soft White Round Table & 4 Sussex Dining Chairs with Black Cushions
1FSCMOOT7_8FSCMHDA,230cm Oxford Oval Table with 8 Hertford Dining Armchairs,,
46C,Dining Chair Cushion for Wooden Dining Chairs,,
,,CYWORMMF5,Spare Cushion for Mayfair Footrest
,,1FSPRBOT9_2FSPROAWB_10FSPRODCWB,"270cm Bali Oval Table, 2 Ohio Dining Armchairs & 10 Dining Chairs with Beige Waterproof Cushions"
PMAN62,Manson Vase - 62cm,,
,,HCDR01,Canterbury Large Dresser
,,1FSMPSOT6_6FSMPSAB,180cm Sussex Oval Table with 6 Sussex Dining Armchairs - Mocha
1FSPRBOT9_8FSPROA,270cm Bali Oval Table with 8 Ohio Dining Armchairs,,
,,1FSWPSOT9_2FSWPSAK_10FSWPSDCK,"270cm Sussex Oval Soft White Table with 2 Sussex Dining Armchairs, 10 Dining Chairs & Black Cushions"
FSPRBKST-swgwb,Brighton Swivel Rocker,,
2FSWPSSB_1FSWPSST,2 Sussex Sunbeds & Side Table - Soft White,,
1FSAOPLA_1FSAOPF, Paddock Lounge Armchair and Paddock Footrest,,
,,1TSSMDT3_4TSSSAO ,San Marino Dining Table 80cm & 4 San Marino Stacking Armchairs - Olive
,,Misc,Misc
1FSPRBOT11_2FSPROA_14FSPRODC,330cm Bali Oval Table with 2 Ohio Dining Armchairs & 14 Dining Chairs,,
,,1FSPRKMTSRWB_3FSPRKMCEWB_1FSPRKMDCEWB_1FSPRKMCOWB_1FSPRKMCHLWB_1,Kingston Modular Sofa Set C with Beige Waterproof Cushions
FSPRKS2-wgwb,Kingston Two Seater Sofa,,
,,FSWPSAK,Sussex Dining Armchair with Black Cushions
FSPRKMDCE-wgwb,Kingston Modular Double Centre,,
,,FSWPSDCK,Sussex Dining Chair with Black Cushions
,,FSWPSDCL,Sussex Dining Chair with Lime Green Cushions
,,FSWPSAL,Sussex Dining Armchair with Lime Green Cushions
,,CFSBFTMCOW,Cushions for Windsor(Tilbury) Modular Corner/End
1FSMPSOT6_6FSMPSA,180cm Sussex Oval Table with 6 Sussex Dining Armchairs - Mocha,,
1FSPRVSSW_1FSPRBST,Valentine Single Sunbed & Brighton Side Table with Glass,,
,,1YWCRNRT3_4YWCRNDA,110cm Newbury Round Table & 4 Newbury Dining Armchairs
,,1FSPRBLAS_1FSPRBFS,Brighton Lounge Armchair & Footrest
,,FSAOPFBG,Paddock Footrest with Beige Cushions
,,UMC3N,Umbrella Cantilever 3M Round Natural
,,FSCMOSBS,Oxford Sunbed with Sky Blue Cushions
,,1FSPRBSS_2FSPRBLAS_1FSPRBCT,"Brighton Sofa, 2 Lounge Armchairs & Coffee Table"
,,VB6P,Victorian 183cm Bench Plain
FSPRKMCHR-wgwb,Kingston Modular Chaise Right Hand,,
FSPRBF-swgwb,Brighton Footrest,,
,,1FSPRBOT11_2FSPROAWG_12FSPRODCWG,330cm Bali Oval Table with 2 Ohio Dining Armchairs & 12 Dining Chairs with Grey Waterproof Cushions
1SAS_1SACT,Sorrento Sofa and Coffee Table,,
FSBFDSSC,Cushion for Dover Stackable Sunbed,,
,,2FSSFHSBW_1FSSFHST,2 Hampstead Sunbeds with Hampstead Side Table
FSCMOS-sy,Oxford Sofa,,
,,CFSBFTMCEW,Waterproof Beige Cushions for Windsor(Tilbury) Modular Centre
,,1FSPRBOT11_2FSPROAWB_14FSPRODCWB,330cm Bali Oval Table with 2 Ohio Dining Armchairs & 14 Dining Chairs with Beige Waterproof Cushions 
,,1FSPRKMTSRWB_1FSPRKMTSLWB_1FSPRKMCOWB_1FSPRKMCEWB_1FSPRKSCT,Kingston Modular Sofa Set B with Beige Waterproof Cushions
,,UMA3X2N,3M x 2M Rectangular Market Umbrella
,,FSSFHDT8,240cm Hampstead Dining Table
,,1RTCDT2_8YWORMDA,240cm Casa Dining Table with 8 Mayfair Dining Armchairs
FSAOPS-bgs,Paddock Sofa,,
,,1FSPRBSS_2FSPRBLAS_1FSPRBFS_1FSPRBCT,"Brighton Sofa, 2 Lounge Armchairs, Footrest & Coffee Table"
,,1FSPRKS2WB_1FSPRKSCT,Kingston Two seater sofa with beige waterproof cushions and Kingston Small Coffee table
,,1FSAODDT6_6FSAOPDABG,Devon Dining Table - 180cm with 6 Paddock Dining Armchairs & Beige Cushions
PVAN0262,Vanuatu Vase - 62cm,,
,,1FSCMOOT7_8FSCMHDAS,230cm Oxford Oval Table with 8 Hertford Dining Armchairs & Sky Blue Cushions
,,1FSPRBOT11_2FSPROAS_14FSPRODCS,330cm Bali Oval Table with 2 Ohio Dining Armchairs & 14 Dining Chairs with Standard Grey Cushions
,,BNKCRG,Bank Charge
,,1FSWRMSW_2FSWRMLA_1FSWRMCT,"Marlow Sofa, 2 Lounge Armchairs & Coffee Table"
PCHR91,Christa Floor Decor - 91cm,,
,,test1,test product
FSPRKF-wgwb,Kingston Footrest,,
,,2FSWPSSBK_1FSWPSST,2 Sussex Soft White Sunbeds with Black Cushions & Sussex Side Table
PCHRKOP60,Christa Kopa Floor Decor - 60cm,,
,,DISCOUNT,DISCOUNT
,,1FSPRBOT9_8FSPRBAWB,270cm Bali Oval Table with 8 Brighton Dining Armchairs with Beige Waterproof Cushions
,,1FSPRBOT9_8FSPRBAWG,270cm Bali Oval Table with 8 Brighton Dining Armchairs with Grey Waterproof Cushions
,,1FSPRBRT5_6FSPRBAWB,150cm Bali Round Table with 6 Brighton Dining Armchairs with Beige Waterproof Cushions
,,1FSMPSOT9_2FSMPSAB_8FSMPSDCB,270cm Sussex Oval Table with 2 Sussex Dining Armchairs & 8 Dining Chairs - Mocha
,,1FSPRBRT5_6FSPRBAWG,150cm Bali Round Table with 6 Brighton Dining Armchairs with Grey Waterproof Cushions
PAMA47,Amanda Vase,,
3FSBFTMCO_4FSBFTMCE_1FSBFTCT_b,Tilbury Modular Rattan Garden Furniture Set - 8 piece L shape,,
,,CFSBFDSSB,Standard Beige Cushion for Windsor (Dover) Stacking Sunbed 
,,1FSAOPSS_2FSAOPLAS_1FSAODCT,"Paddock Sofa, 2 Paddock Lounge Armchairs & Sky Blue Cushions with a Devon Coffee table"
,,1FSWPSRT4_4FSWPSAL,120cm Sussex Soft White Round Table & 4 Sussex Dining Armchairs with Lime Green Cushions
,,1FSWPSRT4_4FSWPSAK,120cm Sussex Soft White Round Table & 4 Sussex Dining Armchairs with Black Cushions
,,1YWPRAOT6_6YWPRAA ,Ashford 180cm Oval Table and 6 Ashford Dining Armchairs
,,1FSPRBOT7_8FSPRBAWB,230cm Bali Oval Table with 8 Brighton Dining Armchairs with Waterproof Beige Cushions
,,61DK,61cm Deluxe Cushion Black
,,1FSPRBOT9_8FSPROAWG,270cm Bali Oval Table with 8 Ohio Dining Armchairs with Grey Waterproof Cushions
,,1FSPRBOT7_8FSPROAS,230cm Bali Oval Table with 8 Ohio Dining Armchairs with Standard Grey Cushions
,,1FSPRBOT9_8FSPROAWB,270cm Bali Oval Table with 8 Ohio Dining Armchairs with Beige Waterproof Cushions
,,1FSPRBRT4_4FSPRODCS,110cm Bali Round Table with 4 Ohio Dining Chairs with Standard Grey Cushions
,,FSBFAAWB,Windsor (Ascot) Dining Armchair with waterproof cushion 
,,CYWORMMCS,Spare Cushions for Mayfair Curved Modular Sofa
PCHRKOP91,Christa Kopa Floor Decor - 91cm,,
,,1FSMPSOT9_10FSMPSDCB,270cm Sussex Oval Table with 10 Sussex Dining Chairs - Mocha
,,FSCMOSS,Oxford Sofa with Sky Blue Cushions
FSAOPLA-bgs,Paddock Lounge Armchair,,
,,CFSBFWSWB,Waterproof Beige Cushions - for Windsor Sofa
,,CYWORMMCE,Spare Cushions for Mayfair Modular Sofa
,,1FSCMODT1_4FSCMODAS,100cm Oxford Dining Table with 4 Oxford Dining Armchairs & Sky Blue Cushions
1FSMPSDT7_8FSMPSA,220cm Sussex Dining Table with 8 Sussex Dining Armchairs - Mocha,,
,,1FSCMODT1_4FSCMODAY,100cm Oxford Dining Table with 4 Oxford Dining Armchairs & Silver Grey Cushions
TSCDT7,Como Table - 220cm x 95cm,,
1HEDT02_6HECH04, Winchester 160/250 cm Extending Dining Table and Winchester Dining Chair Set,,
,,1FSAODRT4_4FSAOPDABG,Devon Round Table - 120cm with 4 Paddock Dining Armchairs & Beige Cushions
,,1FSMPSDT1_4FSMPSDCB,100cm Sussex Table with 4 Sussex Dining Chairs - Mocha
2FSPUSS-opt,2 Pulut Stackable Sunbeds,,
2FSPURSB,2 Richmond Sunbeds ,,
1FSPRBRT5_6FSPRBA,150cm Bali Round Table with 6 Brighton Dining Armchairs,,
,,1FSPRBRT4_4FSPRODCWB,110cm Bali Round Table with 4 Ohio Dining Chairs with Beige Waterproof Cushions
,,1FSPRKMTSRWB_1FSPRKMCOWB_2FSPRKMCEWB_1FSPRKMCHLWB,Kingston Modular Sofa Set A with Beige Waterproof Cushions
,,1FSPRBRT4_4FSPRODCWG,110cm Bali Round Table with 4 Ohio Dining Chairs with Grey Waterproof Cushions
,,1QCGLT_4QCFC,Gate Leg Table - 120cm & 4 Club Folding Chairs
2FSMPSSB_1FSMPSST,2 Sussex Sunbeds & Side Table - Mocha,,
,,FSMPSS,Sussex Sofa - Mocha (no cushions)
FSCMOLA-sy,Oxford Lounge Armchair,,
,,FSCMOLAY,Oxford Lounge Armchair with Silver Grey Cushions
,,1FSPRBOT11_12FSPROAWG,330cm Bali Oval Table with 12 Ohio Dining Armchairs with Grey Waterproof Cushions 
,,CFSPRKS3WB,Beige Waterproof Cushions for Kingston 3 Seater Sofa
1FSMPSS3_2FSMPSLA_2FSMPSST_1FSMPSCT,"Sussex Large Sofa, 2 Lounge Armchairs, 2 Side Tables & Coffee Table - Mocha",,
,,1FSPRBOT11_12FSPROAWB,330cm Bali Oval Table with 12 Ohio Dining Armchairs with Beige Waterproof Cushions 
,,1FSPRKMTSRWB_2FSPRKMCEWB_1FSPRKMCOWB_1FSPRKMTSLWB_1FSPRKQT,Kingston Modular Sofa Set M with Beige Waterproof Cushions
,,FSPRBFS,Brighton Footrest with Grey Standard Cushion
1FSAOPS_1FSAODCT, Paddock Sofa and Devon Coffee table,,
,,1FSWPSRT4_4FSWPSSAK,120cm Sussex Soft White Round Table & 4 Sussex Stackable Armchairs with Black Cushions
,,1FSWPSRT4_4FSWPSSAL,120cm Sussex Soft White Round Table & 4 Sussex Stackable Armchairs with Lime Green Cushions
1YWPRAOT6_6YWPRAA,Ashford Oval Dining Table - 180cm with 6 Ashford dining armchairs,,
,,FSWPSSL,Sussex Sofa with Lime Green Cushions
,,FSWPSLAL,Sussex Lounge Armchair with Lime Green Cushions
,,FSWPSLAK,Sussex Lounge Armchair with Black Cushions
,,FSWPSSK,Sussex Sofa with Black Cushions
1FSPRBS_2FSPRBLA_1FSPRBF_1FSPRBCT,"Brighton Sofa, 2 Lounge Armchairs, Footrest & Coffee Table",,
,,2FSCMOLAY_1FSCMOST,2 Oxford Lounge Armchairs with Silver Grey Cushions and Oxford Side table
,,1FSPRVSSWG_1FSPRBST,Valentine Single Sunbed with Grey Waterproof Cushions & Brighton Side Table
,,UMM27RDK,Monaco - 2.75mt Dia. round - BLACK (base not included)
1FSPRBOT9_2FSPROA_10FSPRODC,270cm Bali Oval Table with 2 Ohio Dining Armchairs & 10 Dining Chairs,,
PCAR41,Carmen Bowl,,
,,1FSPRBRT5_1FSPRBLS70_6FSPRODCWG,150cm Bali Round Table with Lazy Susan & 6 Ohio Dining Chairs with Grey Waterproof Cushions
,,FSCMHDAY,Hertford Dining Armchair with Silver Grey Cushions
,,FSPRBFWG,Brighton Footrest with Grey Waterproof Cushion
,,1QT5_6QCFV,Rectangular Table - 150cm with 6 Club Folding Armchairs
,,1FSWRMMRAW_1FSWRMMLAW_1FSWRMMCOW_ 3FSWRMMCEW_1FSWRMLDT6,Marlow Modular Sofa Set with Waterproof Cushions - Set D
,,FSPRBFWB,Brighton Footrest with Beige Waterproof Cushion
,,IOAKLTV,Oakdale Large TV Unit with glass doors
,,CFSPROBSWG,Waterproof Grey Cushion for Ohio Bar Stool  
1FSPRKS3_1FSPRKS2_1FSPRKLCT,Kingston Three Seater Sofa with Kingston Two Seater Sofa and Kingston Large Coffee Table and glass,,
FSCMOSB-sy,Oxford Sunbed,,
,,CFSMPSSB,Cushions for Sussex Sofa - Mocha 
,,HCDC02B,Canterbury Large Glass Display Cabinet
,,FSPRODCS,Ohio Dining Chair with Grey Standard Cushion
,,1FSPRKMTSRWG_1FSPRKMCOWG_1FSPRKMTSLWG_1FSPRKQT,Kingston Modular Sofa Set D with Grey Waterproof Cushions
,,1FSPRBOT11_2FSPROAWG_14FSPRODCWG,330cm Bali Oval Table with 2 Ohio Dining Armchairs & 14 Dining Chairs with Grey Waterproof Cushions 
,,1QT5_6QCFC,Rectangular Table - 150cm with 6 Club Folding Chairs
,,1FSAOPSS_1FSAODCT,Paddock Sofa with Sky Blue Cushions & Devon Coffee table
1FSPRBOT7_2FSPROA_8FSPRODC,230cm Bali Oval Table with 2 Ohio Dining Armchairs and 8 Ohio Dining Chairs,,
,,1FSPRBOT9_2FSPROAWG_8FSPRODCWG,270cm Bali Oval Table with 2 Ohio Dining Armchairs & 8 Dining Chairs with Grey Waterproof Cushions
FSPRVDS-wgwb,Valentine Double Sunbed with Waterproof cushions,,
1FSWPSS_2FSWPSLA_1FSWPSCT,"Sussex Sofa, 2 Lounge Armchairs & Coffee Table - Soft White",,
1FSWPSOT6_8FSWPSDC,Sussex Oval Table - 180cm with 8 Sussex Dining Chairs - Soft White,,
PBOT46,Botol Vase - 46cm,,
PBOT41,Botol Vase - 41cm,,
,,1FSPRBDT3_4FSPRODCS,90cm Bali Square Table with 4 Ohio Dining Chairs with Standard Grey Cushions
,,1FSPRKMTSRWG_1FSPRKMCEWG_1FSPRKMCOWG_1FSPRKMTSLWG_1FSPRKLAWG_1FS,Kingston Modular Sofa Set H with Grey Waterproof Cushions
,,1FSWPSOT9_8FSWPSSA_8CFSWPSSAK,270cm Sussex Soft White Oval Table & 8 Sussex Stackable Armchairs with Black Cushions
,,1FSPRBOT11_12FSPRBAS,330cm Bali Oval Table with 12 Brighton Dining Armchairs with Standard Grey Cushions
1FSCMOS_1FSCMOCT, Oxford Sofa and Oxford Coffee table,,
,,1FSAODDT8_8FSAOPDABG,Devon Dining Table - 240cm with 8 Paddock Dining Armchairs & Beige Cushions
,,1FSWPSDT1_4FSWPSSA_4CFSWPSSAK,100cm Sussex Soft White Square Table & 4 Sussex Stackable Armchairs with Black Cushions
,,1FSWPSOT9_2FSWPSAL_6FSWPSDCL,"270cm Sussex Oval Soft White Table with 2 Sussex Dining Armchairs, 6 Dining Chairs & Lime Green Cushions"
1FSWPSRT4_6FSWPSDCl-k,120cm Sussex Round Table with 6 Sussex Dining Chairs - Soft White,,
,,1FSPRKMTSRWG_1FSPRKMCOWG_2FSPRKMCEWG_1FSPRKMCHLWG,Kingston Modular Sofa Set A with Grey Waterproof Cushions
,,FSPRKMTSLWB,Kingston Modular 2 Seat Left Hand End with Beige Waterproof Cushions
,,50CE,50cm Cushion Ecru
,,2FSMPSSBB_1FSMPSST,2 Sussex Sunbeds & Side Table - Mocha
,,1QT5_6QCSTA,Rectangular Table - 150cm with 6 Club Stacking Armchairs
,,1FSAOPSBG_1FSAODCT,Paddock Sofa with Beige Cushions & Devon Coffee table
2FSCMOSB_1FSCMOST,2 Oxford Sunbeds and Oxford Side table,,
,,1FSPRKS3WG_2FSPRKLAWG_1FSPRKLCT ,Kingston Three Seater Sofa and Two Kingston Lounge Armchairs with grey waterproof cushions and Kingston Large Coffee Table 
PVAN0495,Vanuatu Vase - 95cm,,
1FSPRBDT3_4FSPRODC,90cm Bali Square Table with 4 Ohio Dining Chairs,,
1FSAODRT4_4FSAOPDA,Devon Round Table - 120cm with 4 Paddock Dining Armchairs,,
,,1FSCMOOT7_8FSCMHDAY,230cm Oxford Oval Table with 8 Hertford Dining Armchairs & Silver Grey Cushions
,,FSPRBSWB,Brighton Sofa with Beige Waterproof Cushions
,,FSPRBSWG,Brighton Sofa with Grey Waterproof Cushions
,,1FSPRBSWB_2FSPRBLAWB_1FSPRBCT,"Brighton Sofa, 2 Lounge Armchairs & Coffee Table with Beige Waterproof Cushions"
,,1NSDT5_6NSR,150cm Rectagular Table & 6 Reclining Armchairs
,,1FSPRKMTSRWG_1FSPRKMCEWG_1FSPRKMCOWG_1FSPRKMDCEWG_1FSPRKMTSLWG_1,Kingston Modular Sofa Set F with Grey Waterproof Cushions
1SSTTB_6SSVAA,190cm Triangular Table with 6 Vivre Stackable Armchairs - Amber,,
,,FSPRBAS,Brighton Dining Armchair with Grey Standard Cushions
,,FSPRBAWG,Brighton Dining Armchair with Grey Waterproof Cushions
2FSWRMSB_1FSWRMST,2 Marlow Sunbeds with Marlow Side Table and glass,,
FSPRODC-swgwb,Ohio Dining Chair,,
,,1FSMPSRT4_4FSMPSAB,120cm Sussex Round Table with 4 Sussex Dining Armchairs - Mocha
,,RENT,Rent
PVEN92,Venice Floor Decor - 92cm,,
,,1FSPRKMTSRWG_2FSPRKMCEWG_2FSPRKMCOWG_2FSPRKMDCEWG_1FSPRKMTSLWG_1,Kingston Modular Sofa Set J with Grey Waterproof Cushions
1FSPRBRT4_4FSPRBA,110cm Bali Round Table with 4 Brighton Dining Armchairs,,
,,CFSPROBSG,Standard Grey Cushion for Ohio Bar Stool 
,,1FSCMORT4_4FSCMODAS,120cm Oxford Round Table with 4 Oxford Dining Armchairs & Sky Blue Cushions
,,FSPRVSSWG,Valentine Single Sunbed with Grey Waterproof Cushions
1FSWPSDT1_4FSWPSA,Sussex Square Table - 100cm & 4 Sussex Dining Armchairs - Soft White,,
,,FSPRVSSWB,Valentine Single Sunbed with Beige Waterproof Cushions
PMAN,Manson Vase,,
,,1QT5_2QCFV_4QCFC,Rectangular Table - 150cm with 2 Club Folding Armchairs & 4 Club Folding Chairs
,,1FSCMORT4_4FSCMODAY,120cm Oxford Round Table with 4 Oxford Dining Armchairs & Silver Grey Cushions
,,3FSBFTMCOW_2FSBFTMCEW_1FSBFTST,Windsor (Tilbury) Modular Rattan Garden Furniture Set - 6 piece
,,FSPRKMCOWB,Kingston Modular Corner with Beige Waterproof Cushions
1FSMPSRT4_4FSMPSA,120cm Sussex Round Table with 4 Sussex Dining Armchairs - Mocha,,
FSPRKMTSL-wgwb,Kingston Modular 2 Seater Left Hand End,,
PNAU66,Nautilus Table Decor,,
,,FSPRBSWSWB,Brighton Swing Seat with Beige Waterproof Cushions
FSPRKMCHL-wgwb,Kingston Modular Chaise Left Hand,,
,,1FSPRBOT6_6FSPROAS,180cm Bali Oval Table with 6 Ohio Dining Armchairs with Standard Grey Cushions
,,FSAOPDABG,Paddock Dining Armchair with Beige Cushions
,,1FSWPSSK_2FSWPSLAK_1FSWPSCT,"Sussex Soft White Sofa, 2 Lounge Armchairs, Black Cushions & Coffee Table"
,,1FSPRKMTSRWB_1FSPRKMCEWB_1FSPRKMCOWB_2FSPRKMDCEWB_1FSPRKMTSLWB_1,Kingston Modular Sofa Set E with Beige Waterproof Cushions
,,1FSPRKMTSRWB_2FSPRKMCEWB_2FSPRKMCOWB_2FSPRKMDCEWB_1FSPRKMTSLWB_1,Kingston Modular Sofa Set J with Beige Waterproof Cushions
,,1FSPRBOT7_8FSPROAWG,230cm Bali Oval Table with 8 Ohio Dining Armchairs with Waterproof Grey Cushions 
,,MAGENTO_DELIVERY,Magento Delivery
,,1FSPRBOT7_8FSPROAWB,230cm Bali Oval Table with 8 Ohio Dining Armchairs with Waterproof Beige Cushions 
,,1FSPRBDT3_4FSPRODCWB,90cm Bali Square Table with 4 Ohio Dining Chairs with Beige Waterproof Cushions
1FSPRKMTSRW_1FSPRKMCEW_1FSPRKMCOW_1FSPRKMDCEW_1FSPRKMTSLW_1FSPRK,Kingston Modular Garden Sofa Set F - 6 Piece,,
,,FSPRBSS,Brighton Sofa with Grey Standard Cushions
,,1FSPRBDT3_4FSPRODCWG,90cm Bali Square Table with 4 Ohio Dining Chairs with Grey Waterproof Cushions
,,1FSWPSLAK_1FSWPSFK,Sussex Soft White Lounge Armchair & Footrest with Black Cushions
PCHR,Christa Floor Decor ,,
,,FSPRBLAS,Brighton Lounge Armchair with Grey Standard Cushions
,,CFSBFAAWB,Waterproof Beige Cushion for Windsor (Ascot) Dining Armchair 
,,1FSPRBSWB_2FSPRBLAWB_1FSPRBFWB_1FSPRBCT,"Brighton Sofa, 2 Lounge Armchairs, Footrest & Coffee Table with Beige Waterproof Cushions"
,,1FSCMOSY_2FSCMOLAY_1FSCMOCT,"Oxford Sofa, 2 Oxford Lounge Armchairs with Silver Grey Cushions and Oxford Coffee table"
,,1FSCMOOT6_6FSCMODAY,180cm Oxford Oval Table with 6 Oxford Dining Armchairs & Silver Grey Cushions
,,1QT2_2QCFC,Square Table - 80cm & 2 Club Folding Chairs
,,1FSCMOOT6_6FSCMODAS,180cm Oxford Oval Table with 6 Oxford Dining Armchairs & Sky Blue Cushions
,,FSPRBKSTWB,Brighton Swivel Rocker with Beige Waterproof Cushions
IVP46,Victoria 4â€™6 Bed,,
1FSWPSOT6_2FSWPSAl-k_4FSWPSDCl-k,"Sussex Oval Table - 180cm, 2 Sussex Dining Armchairs & 4 Dining Chairs - Soft White",,
,,FSPROBSG,Ohio Bar Stool & Standard Cushion
1FSPRKS3_1FSPRKLAW_1FSPRKLCT,Kingston Three Seater Sofa with Kingston Lounge Armchair and Kingston Large Coffee Table and glass,,
,,3FSBFTMCOW_4FSBFTMCEW_1FSBFTCT,Windsor (Tilbury) Modular Rattan Garden Furniture Set - 8 piece square
,,1FSWPSDT7_2FSWPSAK_8FSWPSDCK,"220cm Sussex Soft White Dining Table with 2 Sussex Dining Armchairs, 8 Dining Chairs & Black Cushions"
,,PLAQ,"Brass Plaque 4"" x 2"""
,,FSCMOLAS,Oxford Lounge Armchair with Sky Blue Cushions
1FSPRBOT7_8FSPRBA,230cm Bali Oval Table with 8 Brighton Dining Armchairs,,
,,FSPRKMTSLWG,Kingston Modular 2 Seat Left Hand End with Grey Waterproof Cushions
,,FSPRBKSTS,Brighton Swivel Rocker with Grey Standard Cushions
FSCMODA-sy,Oxford Dining Armchair,,
,,1YWORMRT5_6YWORMCS1,"Mayfair Round Dining Table - 150cm, with 6 Mayfair Single Curved Chairs"
1FSPRBOT7_8FSPRODA,230cm Bali Oval Table with 8 Ohio Dining Armchairs,,
,,1FSCMOOT7_8FSCMODAS,230cm Oxford Oval Table with 8 Oxford Dining Armchairs & Sky Blue Cushions
,,FSPRBAWB,Brighton Dining Armchair with Beige Waterproof Cushions
1FSCMOSB_1FSCMOST,Oxford Sunbed and Oxford Side table,,
,,1FSCMOOT7_8FSCMODAY,230cm Oxford Oval Table with 8 Oxford Dining Armchairs & Silver Grey Cushions
PMAL187,Mallorca Vase,,
,,1FSPRBRT4_4FSPRBAS,110cm Bali Round Table with 4 Brighton Dining Armchairs with Standard Grey Cushions
,,1FSMPSDT1_4FSMPSSA_4FSCSAB,100cm Sussex Table with 4 Sussex Stackable Armchairs & Cushions - Mocha
1FSWRMMRAW_1FSWRMMLAW_1FSWRMMCOW_3FSWRMMCEW_1FSWRMLDT6, Marlow Modular Sofa Set D,,
,,1FSCMODT1_4FSCMHDAY,100cm Oxford Dining Table with 4 Hertford Armchairs & Silver Grey Cushions
1QT5_6NSR,150cm Rectangular Table & 6 Reclining Armchairs,,
,,1FSMPSS3B_2FSMPSLAB_1FSMPSCT_2FSMPSST,"Sussex Large Sofa, 2 Lounge Armchairs, 2 Side Tables & Coffee Table - Mocha"
,,1FSCMODT1_4FSCMHDAS,100cm Oxford Dining Table with 4 Hertford Armchairs & Sky Blue Cushions
,,CYWORMME,Spare Cushions for Mayfair Modular End/Corner
